player_name,Pos,salary,FG_per_game,x3P_game,x2P_game,FT_per_game,ORB_per_game,DRB_per_game,TRB_per_game,AST_per_game,STL_per_game,BLK_per_game,TOV_per_game,player_poss,exp_points
Aaron Gordon,PF,21590909,39.581090386465455,10.190025397366638,29.391064989098815,15.579790896800231,10.863746084795837,37.475713238249206,48.33945932304505,24.338159833379823,4.800259897933045,4.7160448120043945,13.642843920441285,1190.32,109.92309954426005
Al Horford,C,28928710,51.94697739550421,9.798783849797951,42.148193545706256,10.469933428551236,16.107589890078824,45.369711523722025,61.47730141380085,37.9870661574359,7.919565029288756,11.54377275455649,13.691451406567001,746.8,141.67982459573142
Al-Farouq Aminu,PF,6957105,40.949938927749514,15.296475241493981,25.65346368625553,23.900742564834346,17.845887781742977,79.35046531525002,97.19635309699301,16.57118151161848,10.835003296058236,5.258163364263556,11.472356431120485,629.12,118.40379012633194
Alec Burks,SG,11536515,33.704533846766225,10.70821127423302,22.996322572533206,20.363155865754596,5.266333413557223,35.98661165930769,41.25294507286491,22.469689231177483,6.84623343762439,3.686433389490056,11.410389062707317,571.04,95.43483391589042
Alex Len,C,4350000,47.0320338197598,10.876157820819456,36.15587599894035,20.576514796144917,23.222066698506403,39.09537811267534,62.317444811181744,12.639859089060447,3.9683278535422337,10.141282292385709,14.256585251614691,682.04,128.5427759418689
Allen Crabbe,SG,19332500,32.114108708995666,22.972136156799817,9.141972552195845,9.610791657436659,3.750552841926501,30.942060945893633,34.692613787820136,10.782839420538691,5.3914197102693455,3.047324184065282,10.782839420538691,427.64,100.99779588422055
Allonzo Trier,SG,3382000,33.17028903919587,7.434719957061143,25.735569082134724,25.592593698345087,4.4322368974787585,23.733913709079804,28.16615060655856,17.014070670966845,4.003310746109846,2.001655373054923,16.585144519597936,701.12,90.55415449445339
Andre Drummond,C,25434262,57.07643259513366,0.5087026077997653,56.5677299873339,24.722946739068593,43.036240619860145,82.30808194200202,125.34432256186216,11.394938414714742,13.836710932153615,14.04019197527352,17.804591272991786,985.28,146.1365038066175
Andrew Wiggins,SF,25467250,35.80514455124662,8.4839499137492,27.321194637497424,14.882861289373597,5.967524091874437,19.340529888123175,25.308053979997613,13.229210034998752,5.032851643749526,3.4510982699996746,9.921907526249065,1394.24,97.65742273172548
Anthony Davis,C,25434263,46.018031366951625,4.167670765308826,41.8503606016428,29.868307151379923,15.107806524244497,43.23958419007908,58.34739071432357,18.928171392444256,7.640729736399515,11.721574027431075,9.72456511905393,1154.52,120.61249904802617
Antonio Blakeney,SG,1349383,36.3770583676767,7.889000609857598,28.488057757819103,10.956945291468886,1.533972340805644,21.694751677108396,23.22872401791404,9.203834044833865,2.6296668699525325,1.9722501524643996,7.669861704028221,457.44,98.21894418554287
Austin Rivers,SG,13155324,35.408576509075836,15.872810159240892,19.535766349834944,7.631158730404275,3.8155793652021375,20.909374921307712,24.72495428650985,25.48807015955028,7.1732892065800185,3.5103330159859665,10.378375873349814,656.8,103.9102842683882
Avery Bradley,SG,12000000,36.77550217231132,12.752795108140218,24.022707064171108,6.376397554070109,6.376397554070109,19.574057607843123,25.950455161913233,22.539823912061777,6.079820923648243,2.372613043374924,13.197660053773015,676,104.44178186788409
Bam Adebayo,C,2955840,51.839561730063075,0.5554238756792472,51.28413785438382,30.733454454251678,30.548313162358596,79.98103809781159,110.52935126017019,34.06599770832716,13.14503172440885,12.034183973050355,22.40209631906297,541.44,134.43773697098908
Ben Simmons,PG,6434520,43.29385004206835,0,43.29385004206835,20.604665668169567,13.78989297636251,42.091243096455344,55.88113607281785,48.906015788262394,8.979465193910473,4.89060157882624,21.967620206530977,1250.32,112.39297555208984
Blake Griffin,PF,31873932,35.7432924943108,10.913541650120745,24.829750844190055,23.905853138359728,5.774360661439547,26.850777075693895,32.62513773713344,23.212929858986982,3.0026675439485646,1.6168209852030733,14.609132473442054,1736,100.5143300926128
Bobby Portis,PF,2494346,43.99661685445942,11.827047541521349,32.16956931293807,12.14243547596192,17.18864242701103,46.362026362763686,63.55066878977472,11.353965639860496,5.519288852709963,3.153879344405693,11.669353574301065,635.68,121.74890572078341
Bogdan Bogdanovic,SG,9000000,35.7840432825876,13.282719667220881,22.50132361536672,13.282719667220881,3.964990945439069,20.122329048103275,24.087319993542344,26.466314560805785,7.136983701790324,1.4868716045396508,11.597598515409278,1011.28,102.67235071435451
Bojan Bogdanovic,SF,10500000,40.683248612278234,12.781710291980135,27.9015383202981,19.172565437970203,2.5719295099716124,23.381177363378296,25.95310687334991,12.547898518346353,5.377670793577008,0.07793725787792766,10.443592555642306,1286.2,113.45080841848757
Bradley Beal,SG,25434262,39.45432349731041,10.793132998609785,28.661190498700623,18.694326055008336,4.596118836728569,16.628654667714596,21.224773504443164,23.135519537689873,6.248655946563559,2.995223511575921,11.567759768844937,1941.12,109.3409173004381
Brandon Ingram,SF,5757120,38.43408976433844,3.291317079266551,35.14277268507188,20.703446143773466,4.3530322661267284,23.994763223040017,28.347795489166746,16.350413877646737,2.9728025232084976,3.291317079266551,13.696125910496294,944.16,100.03777464484226
Brook Lopez,C,3382000,39.82700989828951,20.97929817177504,18.847711726514472,12.565141151009648,3.7022290891367713,40.72451998050449,44.426749069641254,10.994498507133443,5.721626774120465,20.081788089560064,9.199478342703493,893.52,118.73119799193327
Bryn Forbes,SG,3125000,40.7831304273714,19.88318824159935,20.899942185772044,7.795113571990655,2.033507888345388,24.96695796246282,27.000465850808208,19.77021558113572,5.0837697208634705,0.4518906418545307,9.037812837090614,887.32,120.36309049295782
Buddy Hield,SG,3833760,42.05703160739562,18.767022129784884,23.290009477610738,11.543743828033149,7.155771027903589,20.657225797533002,27.812996825436592,13.83899113887015,3.9154218831925296,2.227740036988853,9.856061981829471,1484.92,122.15654193688678
Caris LeVert,SF,1702800,36.332610526852925,8.424953165647056,27.90765736120587,14.919187897499993,6.1431950166176446,20.36030348364705,26.503498500264694,27.38109778835293,7.371834019941173,2.4572780066470576,12.110870175617642,571.12,99.98884203595384
Cedi Osman,SF,2775000,36.35501731718709,13.128200697873117,23.226816619313976,14.23904844923161,4.544377164648386,31.50768167489548,36.05205883954387,19.692301046809675,6.059169552864516,1.1108477513584945,11.51242215044258,992.64,103.76942281657367
Chris Paul,PG,35654150,32.71663438263773,13.758319756937057,18.95831462570067,18.95831462570067,3.8999961515727093,24.808308853059735,28.708305004632443,51.2416161026081,12.349987813313579,1.9499980757863546,16.46665041775144,925.32,97.39190807861647
CJ McCollum,SG,25759766,41.73498448257299,12.206203867932906,29.528780614640084,11.621475538930133,4.531644549771498,16.080029047576282,20.61167359734778,15.129845512946776,4.0200072618940705,2.046549151509709,7.747650359286755,1371.48,115.62384250614144
Clint Capela,C,15793104,73.91440344898874,0,73.91440344898874,25.885634963147954,46.469392885651146,85.76565801042996,132.2350508960811,14.970005761820502,6.8612526408343975,15.905631121934285,14.658130641782575,642.84,188.01312549299058
Collin Sexton,PG,4073760,35.974322819709926,8.248447814153144,27.725875005556784,14.83334312797288,3.9509371882918414,12.40732906498666,16.3582662532785,16.843469065875745,3.049846250611246,0.41588812508335177,12.823217190070013,1446.2,97.91105186772675
Cory Joseph,PG,7945000,37.26624497411743,9.069218909630347,28.19702606448708,4.946846677980189,6.430900681374246,39.57477342384151,46.00567410521576,52.93125945438803,15.500119591004593,3.6276875638521386,13.191591141280504,607.92,105.2431453222041
D'Angelo Russell,PG,7019698,36.5538245979566,12.979658506709931,23.57416609124667,8.874980175528158,2.9398371831437022,14.532780037427358,17.47261722057106,31.228836492639704,5.546862609705099,1.1093725219410198,14.0335624025539,1807.2,104.50591903842582
Damian Lillard,PG,27977689,35.877804215672384,12.48610807505779,23.391696140614595,24.656112148215385,3.582512021535569,15.96325209595996,19.54576411749553,29.028884174501446,4.636192027869559,1.7912560107677844,11.169008067140302,1902.72,102.29202426263012
Damyean Dotson,SG,1378242,37.35984335828826,16.232207803945933,21.127635554342326,9.404374362603596,4.380119566144141,29.372566502378355,33.75268606852249,17.3916512185135,7.471968671657652,1.2882704606306297,9.14672027047747,778.12,108.70923389627839
Danilo Gallinari,SF,21587579,37.01504689500156,14.570715281406482,22.44433161359508,33.21399073463465,4.8870722061860254,32.85198538602828,37.7390575922143,16.109238012983564,4.43456552042806,2.08153075448664,8.959632378007713,1107.64,106.43137412393376
Danny Green,SG,10000000,44.209720659279654,29.875510889206044,14.334209770073608,5.582797489397089,9.053185117941226,38.77780958851491,47.83099470645614,19.011688747676573,11.014708560161825,7.996980187514749,11.316481397426532,664.36,137.95665637946428
Dario Saric,PF,2526840,41.574136328932504,16.137329232940907,25.436807095991597,18.051927616510167,17.23138545212334,45.26657606867322,62.49796152079656,17.368142479521143,6.154066232901193,1.2308132465802386,13.265431657587015,733,119.84551504452074
Darius Miller,SF,2205000,33.8174859071284,23.79749008279406,10.019995824334341,10.019995824334341,2.5049989560835852,20.39784864239491,22.902847598478495,26.12356054201453,7.157139874524529,4.115355427851604,10.55678131492368,560.24,106.76747188378432
Darren Collison,PG,10000000,37.12700040095946,9.522834518427914,27.604165882531547,19.045669036855827,4.339519527384872,23.62627298242875,27.96579250981362,55.32887397415712,13.259643000342665,1.084879881846218,15.067776136753029,831.6,104.9992098740267
Davis Bertans,PF,7000000,40.948241531534784,29.105367755257568,11.842873776277218,10.638513731232077,4.616713506006373,48.37512847597982,52.9918419819862,20.072667417419012,7.025433596096654,6.623980247748275,8.631246989490176,499.4,129.39412158341744
De'Aaron Fox,PG,5470920,34.449373279465,5.866625944621762,28.582747334843237,20.669623967678998,2.933312972310881,17.804527576119533,20.737840548430416,40.24778264333535,9.072805239938306,3.069746133813713,15.485163830571395,1469.48,93.90259241081597
Deandre Ayton,C,8175840,59.5959127394863,0,59.5959127394863,16.508887418993258,26.109800669755295,59.244659815677934,85.35446048543324,14.6355384920153,7.142142784103466,7.844648631720201,14.752622799951423,856.16,151.17461199371
DeAndre Bembry,SG,1634640,36.089754133997175,6.561773478908577,29.527980655088594,11.417485853300924,7.086715357221263,39.895582751764145,46.98229810898541,26.50956485479065,13.779724305708012,5.380654252705033,18.63543668010036,763.84,98.24530848605848
DeAndre Jordan,C,22897200,58.490023073324835,0,58.490023073324835,38.03896605467979,46.014878291951355,138.45365601622697,184.46853430817833,31.903648949086275,8.58944394783092,14.929271623610884,31.29011723852692,490.15999999999997,152.24139183656308
Delon Wright,PG,2536898,38.32351036648801,7.91808065423306,30.40542971225495,18.845031957074685,10.768589689756961,31.35559939076292,42.12418908051988,39.27368004499598,13.935821951450187,4.750848392539837,12.193844207518913,633,105.7794704884768
DeMar DeRozan,SG,27739975,38.28797764165192,0.42474777098504507,37.86322987066688,22.208240597218072,3.2766256618846334,24.75672722312834,28.033352885012974,28.822170173985203,5.218329757816268,2.184417107923089,12.074972346574853,1652.04,98.11766781630624
DeMarcus Cousins,C,5337000,38.508365833695436,5.6248174813263,32.88354835236914,22.93194819309953,9.302582757578111,44.13318331502174,53.43576607259985,23.148287326996694,8.653565355886615,9.518921891475276,15.576417640595908,463.36,103.37346948302259
DeMarre Carroll,PF,15400000,33.14756226801663,15.478597358633316,17.668964909383313,26.8685086225333,9.929666230066655,41.03288545071662,50.96255168078327,12.41208278758332,4.526759604883328,1.4602450338333317,10.65978874698332,686.48,97.66241104739959
Dennis Schroeder,PG,15500000,34.241490862217745,9.290907805065647,24.950583057152098,13.93636170759847,2.8472136821975367,18.431962258436688,21.27917594063422,24.201316298679064,4.870233930074734,0.8991201101676433,12.88738824573622,1337.88,95.16513488461001
Dennis Smith,PG,3819960,33.150369362581095,7.989477508247962,25.160891854333133,11.805347362933555,3.8158698546855936,14.66724975394775,18.483119608633345,30.04997510564905,7.989477508247962,2.384918659178496,18.36387367567442,840.64,91.69034355981155
Derrick Favors,C,16900000,61.02121862922654,2.8577430212034467,58.16347560802309,25.887789721490044,34.79722384641844,59.340193322636274,94.13741716905471,14.961125228653339,9.413741716905472,17.818868249856784,14.120612575358207,596.32,157.42623873035058
Derrick Rose,PG,2176260,41.71042307769414,6.204856325607393,35.50556675208675,15.741950307559497,3.79185664342674,12.294807904444278,16.086664547871017,25.2790442895116,3.5620471498857254,1.3788569612460873,9.422189235181596,872.4,111.03161886402765
Derrick White,PG,1667160,39.542350833647205,7.3001263077502525,32.24222452589695,14.448166650755708,5.323008766067892,32.24222452589695,37.565233291964844,39.998608727881596,10.189759637901394,7.148040343005456,14.752338580245302,659.12,108.21527014601641
Devin Booker,SG,3314365,34.970674402532545,8.05638403471313,26.914290367819415,23.453029078831552,2.3273998322504594,13.486983643297535,15.814383475547993,25.840105829857666,3.3419074514365574,0.7757999440834865,15.75470655677234,1679.76,95.8968839535043
Devin Harris,PG,2393887,29.407198290741295,13.812471924439093,15.594726366302202,22.723744133754636,2.673381662794663,22.27818052328886,24.951562186083525,27.17938023841241,7.797363183151101,3.5645088837262175,12.475781093041762,449.96,87.34394762209956
Dewayne Dedmon,C,6300000,46.80363314895975,14.998847688662776,31.804785460296973,16.625228763337056,18.974445871199897,67.76587811142821,86.74032398262811,16.26381074674277,12.46892157250279,12.830339589097074,15.179556696959919,554.72,132.41395183081227
Dion Waiters,SG,12705000,35.80361933464342,19.71007327008148,16.09354606456194,3.9781799260714914,1.2657845219318382,19.71007327008148,20.97585779201332,21.8799895933932,5.24396444800333,1.627437242483792,11.57288705766252,554.36,107.83081250114087
Dirk Nowitzki,PF,5000000,32.92650035559544,15.609600168578575,17.31690018701686,9.51210010272757,1.2195000131702012,37.316700403008156,38.53620041617836,8.536500092191408,2.1951000237063623,4.3902000474127245,4.3902000474127245,411,96.62107632899665
DJ Augustin,PG,7250000,37.24150958486821,15.341628162319925,21.89988142254829,21.197211430380964,4.801578279810053,18.97208978851777,23.773668068327822,49.88956944388006,6.089806598783482,0.46844666144488317,14.990293166236262,855.96,109.78002591126516
Domantas Sabonis,C,2659800,51.61876982084422,1.1248642333840146,50.493905587460205,25.99686228265278,23.247194156602966,62.99239706950481,86.23959122610778,26.496801941934564,5.999275911381411,3.749547444613382,19.99758637127137,802.04,133.19769393628735
Donovan Mitchell,SG,3111480,35.562008981984256,10.114459438143783,25.447549543840474,17.162300855148228,3.174218653460017,13.826681253207193,17.00089990666721,17.323701803629245,5.702833512995963,1.6678098009705173,11.728468922953962,1863.24,98.54200915878636
Dorian Finney-Smith,SF,1544951,44.87430583293537,15.548553336850414,29.32575249608496,14.367650551773167,27.16076405677667,49.40109984239815,76.56186389917482,18.697627430389737,13.580382028388335,7.0854167104634795,14.564467682619375,509.32,128.00569001973818
Doug McDermott,SF,7333334,43.07182108123598,17.478420148907354,25.593400932328624,13.73304440271292,3.537299315850298,19.143031591660435,22.680330907510733,13.941120833057056,3.745375746194433,1.6646114427530814,8.739210074453677,481.76,123.44771166270536
Draymond Green,PF,17469565,33.00235605829193,8.250589014572983,24.75176704371895,11.059300168470168,10.532666827114445,73.90421223691969,84.43687906403414,79.69717899183264,16.67672247626454,12.288111298300187,29.667011563039022,571.04,96.88987754290343
Dwight Powell,C,9631250,55.397593783732106,7.450021232984663,47.947572550747445,37.44113235038446,26.74366596456033,51.76809625997035,78.51176222453067,21.39493277164826,8.405152160290388,9.55130927305726,12.798754425896728,524.76,147.46055585059597
Dwyane Wade,SG,2393887,35.96405999927355,7.4348777883113595,28.52918221096219,14.264591105481095,5.965192644110276,18.673646538084345,24.63883918219462,26.022072259089757,5.100671971050816,3.2851785576259496,14.351043172787042,1159.52,98.07317261788685
E'Twaun Moore,SG,8808685,44.09612804512884,13.091038013397625,31.005090031731218,7.751272507932804,6.028767506169959,15.847046016218178,21.875813522388135,17.569551017981023,6.8900200070513815,1.3780040014102763,10.162779510400787,581.96,122.46833390932767
Elfrid Payton,PG,3000000,35.3524298482617,6.517487066997966,28.83494278126373,10.862478444996611,9.677480796451526,33.77243298353492,43.449913779986446,63.19987458907119,8.689982755997288,3.357493337544407,22.119956106174918,507.56,98.97818998970097
Emmanuel Mudiay,PG,4294479,35.61448404165937,7.44666484507423,28.167819196585132,15.540865763633176,3.5614484041659362,17.591396663001444,21.15284506716738,24.606370792419195,4.640675193307129,2.0505308993682663,15.1091750479767,928.84,97.02031464575218
Enes Kanter,C,19264603,59.6040589617103,1.5894415723122748,58.014617389398026,24.63634437084026,40.84864840842546,63.89555120695344,104.7441996153789,18.437522238822385,5.0862130313992795,4.132548088011914,18.755410553284843,630.6800000000001,153.33944839246496
Eric Bledsoe,PG,15000000,40.691428443323396,10.73561090845128,29.955817534872118,15.32421879674094,7.09935560075004,24.241702051341598,31.34105765209164,37.2283281502746,10.04299084984152,2.51074771246038,14.285288708826299,1157.84,113.66343263662972
Eric Gordon,SG,13500375,35.712021760970394,20.088012240545847,15.624009520424547,11.067006743634053,1.5810009633762934,12.183007423664378,13.764008387040672,11.99700731032599,3.813002323436943,2.511001530068231,8.370005100227436,1077.88,107.0165203794709
Evan Fournier,SG,17000000,37.23898849551705,12.174284700457497,25.064703795059554,10.901156888644948,3.023678553054803,17.505507412422546,20.52918596547735,23.473294030293868,5.649504664918185,0.9548458588594115,12.253855188695782,1259.8,105.0261622188666
Evan Turner,PG,17868853,36.089142702330356,1.945983184929578,34.143159517400775,13.268067169974396,6.545579803854035,51.480100619500654,58.025680423354686,50.064840121370054,5.837949554788734,3.184336120793855,20.16746209836108,566.64,96.28921371277534
Frank Jackson,PG,1378242,38.73003029160871,10.58088456420238,28.14914572740633,10.780523895602425,4.990983285001123,21.760687122604896,26.751670407606017,13.775113866603098,4.990983285001123,0.39927866280008983,9.582687907202155,502.12,106.81162131673337
Fred VanVleet,PG,8653847,34.65395399988375,15.777409951166584,18.87654404871716,13.664363975563916,2.958264365843734,20.566980829199295,23.52524519504303,43.24700763400126,8.029574707290136,2.81739463413689,11.551317999961249,711.6,103.2253904836752
Garrett Temple,SG,8000000,35.82071781400982,15.499349054138863,20.321368759870953,13.777199159234545,4.822019705732091,32.37641802420118,37.19843772993327,18.25478888598577,13.088339201272817,5.166449684712954,12.055049264330227,582.08,104.40343481230362
Gary Harris,SG,16517857,37.210711741502756,11.301030973345283,25.909680768157475,15.849006852862287,5.650515486672641,16.400276656440106,22.050792143112744,17.502816263595744,7.579959799195007,2.6185315669946387,9.371586660822917,727.36,103.80545877203944
George Hill,PG,19000000,40.059457414293355,11.3109056228593,28.748551791434053,16.495070700003147,9.190110818573181,25.68518151857633,34.87529233714951,31.81192206429178,12.253481091430908,1.8851509371432167,12.017837224288007,425.4,112.27942806875048
Gerald Green,SG,1512601,36.586156465395966,24.707534236371306,11.878622229024666,9.027752894058745,4.751448891609866,24.074007717489987,28.825456609099856,6.335265188813155,5.226593780770853,4.27630400244888,8.710989634618088,632.92,113.13392729990166
Giannis Antetokounmpo,PF,24157304,43.5959632295926,3.144230357751477,40.451732871841124,30.23298420914882,9.614088978509324,44.684350661121954,54.29843963963128,25.6375706093582,5.562869094483383,6.65125652601274,16.204879536103768,1657.84,114.09784182610551
Goran Dragic,PG,18109175,33.95556599383791,10.812666266194196,23.142899727643716,14.985976053146342,3.7939179881383143,17.262326846029328,21.056244834167643,33.00708649680333,5.690876982207471,0.9484794970345786,13.468408857891015,528.44,96.40376937081537
Gordon Hayward,PF,31214295,38.47098164148792,10.007654008089762,28.46332763339816,20.275247081324714,6.6284461612023104,35.221743327173066,41.85018948837537,31.712565947713017,8.058111019500847,2.9892992491696693,13.646800920122404,771.28,107.3804666459364
Harrison Barnes,PF-SF,24107258,36.29670203524811,14.653424951585084,21.643277083663026,19.285254677660827,4.800259897933045,25.60138612230957,30.401646020242616,9.68473488179474,4.210754296432495,1.0947961170724487,8.253078421007691,1190.32,104.05541564075413
Hassan Whiteside,C,24434262,62.04020548083509,0.319794873612552,61.72041060722254,17.428820611884085,41.09364125921293,89.54256461151456,130.6362058707275,8.954256461151456,7.355282093088696,21.746051405653535,15.510051370208773,626.92,158.27519903645972
Ian Clark,SG,1757429,34.070131591499,14.891580695622078,19.17855089587692,7.445790347811039,2.93319013701647,17.147880801019365,20.081070938035833,21.209220990734476,4.963860231874026,1.8050400843178278,13.086540611304251,444.28,99.3042354157246
Iman Shumpert,SG,11011234,34.248290672652665,19.482560562287443,14.765730110365219,7.382865055182609,5.537148791386957,31.992415239124643,37.5295640305116,22.968913505012562,12.099695507104833,4.9219100367884066,10.25397924330918,488.8,104.27287014578845
Jabari Parker,PF,20000000,41.01027817139997,6.779476879282921,34.23080129211704,14.559204445673158,8.779978253497553,38.00952611007802,46.789504363575574,16.89312271559023,5.1123924007707275,3.3341689570243873,16.781983750356083,901.96,109.957897665643
Jae Crowder,SF,7305825,35.08082333083571,19.084850428410622,15.995972902425088,15.665021738926638,6.619023269969002,35.74272565783261,42.361748927801614,14.672168248431287,7.060291487966936,3.4198286894839844,9.376949632456085,908.6800000000001,105.51603826689978
Jake Layman,SF,1544951,48.63100043535971,13.28346771151029,35.34753272384942,11.257176026703636,12.608037149908073,36.248106805985714,48.856143955893785,11.932606588305855,6.979449136556255,6.754305616022182,10.356601944567347,445.24,134.19114237631106
Jalen Brunson,PG,1230000,38.87210030229716,9.276296663048186,29.595803639248974,12.810123963257018,3.681070104384201,21.202963801252995,24.884033905637196,33.86584496033465,5.447983754488617,0.5889712167014721,12.957366767432386,680.8,107.47108723002702
Jamal Crawford,SG,4698113,30.20828678276889,11.631926519801814,18.576360262967075,16.145808452859235,1.3888867486330525,13.36803495559313,14.756921704226182,39.75688317962113,5.729157838111341,2.0833301229495786,17.187473514334023,577.4,88.12305037525921
Jamal Murray,PG,3499800,37.69800916002181,11.169780491858315,26.528228668163496,13.888740216850142,4.776550868228885,18.51832028913352,23.294871157362405,26.675199464109003,4.923521664174388,1.9841057452643058,11.610692879694827,1364.12,105.61028806869848
James Harden,PG,30570000,32.4080987346689,14.531745340100644,17.876353394568252,28.98660313871927,2.5372888689064617,17.37658437493516,19.91387324384162,22.5280496542301,6.074115777079105,2.2297387029784055,14.877739276769706,2607.52,94.95411309776445
James Johnson,PF,14420700,35.599471151028254,10.853497302142761,24.745973848885495,10.853497302142761,4.775538812942815,33.4287716905997,38.20431050354252,29.304442715785456,7.597448111499933,5.860888543157091,16.063176007171286,461.8,100.69599232745092
JaMychal Green,PF,8066667,45.796653521761925,14.13722782628303,31.659425695478898,15.929270790178062,20.70805202723148,60.73034488755386,81.43839691478534,9.95579424386129,8.96021481947516,6.769940085825676,17.32308198431864,503.44,128.5690795011364
Jaren Jackson,PF,5922720,42.63341971029854,7.2963235074672,35.33709620283134,21.602840188775435,10.443757177355012,28.46996819580339,38.9137253731584,9.15617067603727,7.439388674280282,11.731343678672753,14.020386347682072,700.6800000000001,113.66800678423506
Jarrett Allen,C,2034120,55.75337339398963,0.9985678816833963,54.75480551230623,32.786312115271514,31.787744233588114,80.05185851495227,111.83960274854039,18.307077830862266,7.15640315206434,19.971357633667925,17.142081968898303,602.32,143.42798343693983
JaVale McGee,C,2393887,64.58117580375631,0.1614529395093908,64.41972286424692,15.499482192901516,31.483323204331203,59.89904055798398,91.38236376231518,8.39555285448832,7.588288156941367,23.895035047389836,17.436917467014204,620.88,163.40782768188947
Jaylen Brown,SG,5169960,40.3215586726055,10.409098026895443,29.91246064571006,14.572737237653618,7.122014439454776,27.173224322842838,34.295238762297615,10.956945291468886,7.560292251113531,3.5062224932700436,10.847375838554198,914.88,110.60879167159413
Jayson Tatum,SF,6700800,39.310279978866966,9.78539158272225,29.524888396144718,16.449580677852058,5.904977679228944,34.33322736351686,40.238205042745804,14.171946430149465,7.085973215074732,4.80833896737214,10.291532526656159,1188.32,107.9465348784647
Jeff Green,PF,2393887,39.77311931371953,13.542381116021069,26.230738197698468,22.326628326413115,6.954195708227036,30.744865236372156,37.69906094459919,16.714470386440418,5.246147639539693,4.758133905629024,12.322346781244395,821.64,112.44960159725727
Jeff Teague,PG,19000000,31.26373438924003,6.217219906951143,25.046514482288888,21.849087101571158,2.8421576717490935,15.987136903588652,18.829294575337745,60.9287550881212,7.63829874282569,3.1974273807177305,17.23058088497888,564.32,87.7519603845877
Jerami Grant,PF,8333333,46.00258801532644,12.934713011644353,33.06787500368208,17.65869515502751,10.797673470590068,36.10472066728554,46.90239413787561,8.885585460173077,6.861021684437439,11.247576531864654,7.535876276349319,891.24,127.08059524853923
Jeremy Lamb,SG,7000000,38.97933089732635,10.400517524808654,28.578813372517693,20.89147433244173,5.8785533835875,33.372095362212114,39.250648745799616,15.555556645800769,7.958656888549231,2.8940570503815386,7.235142625953846,1108.4,107.72868473637287
Jeremy Lin,PG,12516746,32.44195058152917,7.497089420101279,24.94486116142789,23.99068614432409,2.9988357680405113,21.400782526470923,24.399618294511434,31.48777556442537,6.406603686268365,1.772039317478484,16.902528874410155,735.4,89.76294248062128
Jimmy Butler,SF-SG,19841627,40.344244803122336,6.46666124834736,33.87758355477497,30.113407604244422,11.678597179851202,21.3303303863398,33.008927566191,25.38405833306501,11.871631843980975,3.7641759505305528,9.169146546164168,1038.6,108.30201848099652
JJ Redick,SG,12250000,37.13308579686193,19.716682723997486,17.416403072864444,18.73084858779761,1.6430568936664571,13.637372217431594,15.280429111098051,16.92348600476451,2.6288910298663315,1.3965983596164886,8.297437313015608,1220.2,110.63216888591458
Joe Harris,SG,8333333,42.82123195916583,20.952634889110552,21.868597070055277,12.59447998798995,5.953754176140704,27.364370155723616,33.31812433186432,20.723644343874373,4.350820359487437,1.9464196345075377,13.853927986788944,875.52,126.58370179647008
Joe Ingles,PF,12545455,35.486137230949005,18.68211681517928,16.804020415769724,8.599704565717447,3.459651262070237,29.159917780306284,32.619569042376526,46.35932691174118,9.687023533796664,1.9769435783258498,19.07750553084445,1014.12,108.2550993755897
Joel Embiid,C,25467250,37.49669966199471,5.107309091892383,32.38939057010233,33.74702969579524,10.343917148136473,45.96578182703145,56.30969897516792,15.12797882914959,2.9738761800892357,7.88723682545406,14.610782971742767,1550.56,99.89725937489662
John Collins,PF,2299080,54.9007691079391,6.493639356853011,48.40712975108608,23.96743253529384,25.856491257287445,44.39287996684968,70.24937122413712,14.286006585076626,2.5974557427412046,4.604580634859408,14.167940414952024,849.04,144.667943100262
John Wall,PG,19169800,33.414300360863514,6.955629871036895,26.458670489826623,16.63895773071571,2.04577349148144,13.774874842641696,15.820648334123135,38.05138694155478,6.682860072172703,3.9551620835307837,16.502572831283615,735,91.97709523743913
Jonas Valanciunas,C,16539326,50.00515947275399,2.325821370825767,47.679338101928224,24.421124393670553,17.609790379109377,51.998720647747504,69.60851102685689,11.629106854128835,3.156471860406398,8.804895189554689,14.95170881245136,603.4,128.69762493974505
Jonathan Isaac,PF,4969080,40.63063131751041,13.336772111854561,27.293859205655846,17.058662003534902,15.352795803181412,48.38456859184445,63.737364395025864,12.406299638934474,9.149645983714175,15.197717057694732,11.63090591150107,646.4,114.75834255420209
Jonathon Simmons,SG-SF,6000000,30.74226582730249,6.47205596364263,24.27020986365986,16.642429620795333,6.24091110779825,22.883340728593584,29.12425183639183,29.586541548080593,6.703200819487009,3.4671728376656943,15.717850197417814,433.68,84.63641607331266
Jordan Clarkson,SG,12500000,40.249942824703524,10.956506175344627,29.2934366493589,12.326069447262705,6.239121572071246,14.304327506699929,20.543449078771175,14.913022294219076,4.336950361073915,0.9891290297186122,10.271724539385588,1317.48,110.83843814653864
Josh Hart,SG,1655160,36.28094275107164,17.66056472538937,18.62037802568227,10.557946303221907,6.718693102050304,40.888046592477565,47.606739694527874,17.852527385447953,12.285610243749128,7.6785064023432055,11.133834283397647,522.2,107.64440309509021
Josh Jackson,SG,6041520,33.39120557890693,7.024662845130275,26.36654273377665,13.760640915803142,6.3510650380629885,27.040140540843936,33.39120557890693,17.609771241901925,7.120891103282745,5.388782456538293,16.647488660377228,1041.72,90.92906212897852
Josh Okogie,SG,2163600,32.676304903186114,10.002950480567177,22.67335442261894,19.672469278448784,6.835349495054238,29.508703917673177,36.34405341272741,15.171141562193554,14.670994038165194,5.501622764311948,10.503098004595538,601.28,91.60890274449356
Josh Richardson,SG,9367200,35.733455098375074,13.854105522774262,21.879349575600816,16.81077438434194,4.561717672132988,17.65553691621842,22.21725458835141,25.173923449919084,6.673624001824187,2.87219260838003,9.545816610204216,1186.64,102.89483512156913
Jrue Holiday,SG,26641111,38.799402006861555,8.369889281187685,30.429512725673874,14.753703139720665,5.319844882110817,18.37119765955602,23.69104254166684,36.74239531911204,7.731507895334387,3.830288315119788,14.895565669910287,1413.24,106.69154859424087
Julius Randle,PF,8641000,42.42165934287858,4.977672812561935,37.44398653031664,26.448530168239532,12.03556709903035,35.06659056013781,47.10215765916816,17.013239911592283,3.863268451540606,3.343213083063986,15.453073806162424,1349.28,111.93539071185307
Justin Holiday,SG,4500000,34.110147367153445,18.419479578262862,15.690667788890586,10.801546666265258,5.230222596296862,31.495036069005014,36.72525866530188,16.600271718681345,13.757759438085223,4.093217684058414,11.824851087279862,881.64,102.52665828740754
Justin Jackson,SF,2807880,43.09515321127298,17.277780319726954,25.817372891546025,12.312900917506566,8.738187747907885,33.363989582921015,42.1021773308289,19.065136904526295,6.3550456348420985,2.780332465243418,5.759260106575652,504.76,124.20901791318339
Justise Winslow,SF,3448926,36.56358349930128,10.833654370163341,25.729929129137936,9.70514870660466,7.109585680419693,32.952365375913494,40.06195105633319,31.823859712354817,8.125240777622507,2.1441607607614945,16.024780422533276,888.28,103.30942503414497
Jusuf Nurkic,C,11111111,46.184750389082964,0.32989107420773545,45.85485931487523,31.009760975527133,26.721177010826572,55.531664158302135,82.2528411691287,25.621540096800786,7.807422089583072,11.326260214465584,18.473900155633185,911.6,118.83348633166436
Karl-Anthony Towns,C,7839435,45.84648464556358,9.559766255022067,36.28671839054151,25.313183886537306,17.705764261061997,46.519707621269355,64.22547188233135,17.436475070779686,4.510593937228722,8.415287196322243,16.157351416938706,1489,124.86395176609562
Kawhi Leonard,SF,23114066,41.293491883607004,8.258698376721402,33.034793506885606,26.840769724344554,5.7515935123595465,26.619554589253802,32.37114810161335,14.673937294353204,7.816268106539897,1.7697210807260144,8.922343781993657,1359.44,111.40040797340261
Kelly Olynyk,PF,13537527,38.061386649048785,16.478684641159052,21.58270200788973,22.166018278373237,10.499692868703113,44.1862074891256,54.68590035782871,20.416069466922718,7.728940583906458,5.395675501972432,16.62451370877993,687.4,111.42625681730647
Kelly Oubre,SF,3208630,38.30509487443084,11.031867323836083,27.27322755059476,19.305767816713146,7.252431296225573,25.945317594947824,33.1977488911734,8.58034125187251,8.58034125187251,6.026668260243786,10.521132725510338,981.36,105.92675091370312
Kemba Walker,PG,12000000,35.90277348915909,12.769796316253574,23.132977172905512,18.66354846221676,2.553959263250715,15.17641177585521,17.730371039105922,23.771466988718192,5.0096893240687095,1.6698964413562365,10.363180856651939,2041,102.16514567580334
Kent Bazemore,SG,18089888,32.70836443774668,11.294974769869357,21.413389667877325,14.942310372639671,4.353271525887148,26.35494112969517,30.70821265558232,17.88371005229315,10.471382859566384,4.941551461817844,14.236374449522836,852,92.85397781545709
Kentavious Caldwell-Pope,SG,12000000,38.668450424728114,17.965956966565983,20.702493458162127,16.30023910211616,5.711032678113691,22.60617101753336,28.31720369564705,13.087783220677208,8.685528864631237,1.5467380169891245,7.733690084945622,842.52,112.99846631796434
Kevin Durant,SF,30000000,40.20556489650196,7.639614966464311,32.56594993003765,24.982098576467237,1.8401992254987027,25.87431638276964,27.714515608268343,25.483971092512338,3.234289547846205,4.684143483087607,12.546812901127518,1797.64,108.83693874122837
Kevin Huerter,SG,2250960,37.72965865229443,18.65903118804379,19.070627464250638,5.625149108160261,8.231925524136967,25.38177036608898,33.61369589022595,29.36053436942185,8.917919317815047,3.4299689683904027,14.954664702182155,730.64,112.59139988950416
Kevin Knox,PF,3744840,31.77122066493718,11.749711784370257,20.02150888056692,15.227626472543854,5.733859350772686,25.755368231339606,31.489227582112292,7.70781093054689,4.0419008538233685,2.2559446625990893,10.715737147345676,1066.44,90.18693281952154
Khris Middleton,SF,13000000,36.60929322405365,12.950718353963644,23.65857487009001,15.627682482995235,3.6175190932859342,29.736006946810377,33.35352604009631,23.947976397552885,5.788030549257495,0.5064526730600307,12.58896644463505,1385.52,104.492423591761
Klay Thompson,SG,18988725,42.373832031272144,15.590982472574941,26.782849558697205,8.345380659594056,2.3936363132169,16.94953281250886,19.34316912572576,12.032874439414686,5.434201359735664,3.040565046518765,7.439680432971445,1549.52,119.86293668597482
Kris Dunn,PG,4221000,34.68556671294735,5.485159387163767,29.200407325783583,8.873051949823742,3.0652361281209286,27.103140501279793,30.168376629400722,44.68791618365775,10.970318774327534,3.387892562659974,16.77813459603035,621.36,94.73063657339745
Kyle Korver,SG-PF,7560000,35.6540612924701,24.47890775303917,11.175153539430925,10.643003370886596,1.5964505056329894,27.139658595760817,28.736109101393808,14.368054550696904,4.4345847378694145,2.1286006741773194,10.46561998137182,565.12,111.20714380280161
Kyle Kuzma,PF,1689840,39.149983414933004,10.103221526434323,29.04676188849868,14.839106616950412,4.735885090516089,25.415916652436344,30.151801742952433,14.04979243519773,3.236188145185994,2.052216872556972,10.497878617310665,1270,107.55287297193864
Kyle Lowry,PG,32700000,31.567334392462424,16.302866775054607,15.264467617407817,16.718226438113323,4.25743654635184,28.14061717222802,32.39805371857986,58.56571249127897,9.449432334585792,3.21903738870505,18.898864669171584,965.36,97.35464246999248
Kyrie Irving,PG,20099189,41.762113570068074,12.030807551642127,29.731306018425947,14.7965104370771,4.909122621647075,18.253639043870812,23.162761665517888,32.08215347104567,7.121684929995052,2.350847452619726,11.892522407370379,1449.8,116.85147628032347
LaMarcus Aldridge,C,22347015,49.21203515480875,0.7194741981697186,48.49256095663903,25.109649516123177,18.058802374059937,35.470077969767125,53.52888034382706,13.95779944449254,3.09373905212979,7.698373920415989,10.360428453643948,1393.28,125.10159162549108
Lance Stephenson,SG,4449000,35.599270051719024,14.123623444432004,21.47564660728702,9.673714687967125,6.191177400298961,35.40579575795968,41.59697315825864,27.08640112630795,7.9324460441330436,1.3543200563153976,16.638789263303458,518.12,103.43167223418065
Landry Shamet,SG,1705920,38.68390831589551,26.917552869810624,11.766355446084884,12.088721348717346,3.384841977640857,18.213673498734135,21.598515476374992,18.85840530399906,5.963769198700557,1.6118295131623128,7.253232809230408,621.92,120.98533455251288
Langston Galloway,SG,7000000,37.8250057044066,22.39638495655654,15.42862074785006,13.437830973933924,8.129058243490892,20.23969603481406,28.36875427830495,14.101427565239302,6.138268469574755,1.327193182610758,3.9815795478322737,604.24,114.78631022979249
Larry Nance,C,2272390,53.45314881267142,7.084152252281755,46.36899656038967,20.60844291572874,36.064775102525296,82.43377166291496,118.49854676544027,45.93965399964532,21.46712803721744,8.586851214886975,20.823114196100917,466.96,145.14163140917134
Lauri Markkanen,PF,4536120,38.44255681794793,13.488616427350152,24.953940390597783,19.108873272079382,8.317980130199262,44.512434210255506,52.830414340454766,8.430385267093845,4.158990065099631,3.7093695175212917,9.554436636039691,891.8,108.87487557152205
LeBron James,SF,35654150,39.42120683624554,7.841852972801532,31.57935386344401,19.639956094043477,4.026897472519706,28.824108224351576,32.85100569687128,32.07388513199906,5.086607333709102,2.3313616946166715,13.917522843620738,1418.92,107.67641708049655
Lonzo Ball,PG,7461960,35.24849216961768,14.289929257953112,20.958562911664565,3.81064780212083,10.288749065726241,37.534880850890175,47.82362991661642,48.58575947704058,13.146734917316863,3.6201154120147883,19.624836180922273,526.12,104.44186514418143
Louis Williams,SG,8000000,32.50975886087766,7.052736942958997,25.457021917918663,28.54679238816737,2.6867569306510464,12.22474403446226,14.911500965113307,27.001907153043014,3.828628626177741,0.7388581559290377,12.157575111195985,1492.4,88.97597754724275
Luka Doncic,SG,6569040,32.506349620476044,10.792622008379396,21.713727612096644,22.227661993448045,5.5247945995275485,30.643337488077215,36.16813208760477,27.559731199968816,4.946618420507224,1.6060449417231246,15.86772402422447,1560.4,92.77085745030213
Luke Kennard,SG,3275280,38.61750041705638,17.95375019389463,20.663750223161745,8.638125093288926,2.0325000219503355,28.963125312792283,30.995625334742616,19.30875020852819,4.40375004755906,1.6937500182919463,9.654375104264094,591.84,113.3871501609167
Malcolm Brogdon,SG,1544951,45.06209757542007,12.398037428157902,32.66406014726216,16.808877667021772,7.748773392598689,26.584253331530885,34.333026724129574,24.438439161272786,5.483747323992918,1.5497546785197378,10.848282749638164,840.88,125.09962193508171
Malik Beasley,SG,1773840,44.507623629616944,20.7872282281592,23.72039540145774,7.1416244219442655,4.463515263715166,21.04228624322864,25.505801506943808,12.370313730867746,7.014095414409547,1.2752900753471903,7.014095414409547,786.04,129.82080527357658
Malik Monk,SG,3447480,32.46652571873653,15.589653318688462,16.87687240004806,12.872190813595978,2.2883894779726184,17.305945427167927,19.594334905140546,16.733848057674773,5.29190066781168,2.7174625050924845,12.300093444102824,700.88,95.57519816266962
Marc Gasol,C,24119025,37.01031072232876,9.394925029514223,27.615385692814534,18.22046066330031,7.5918586097084635,51.90933324388162,59.50119185359008,33.11948318485317,7.971451540193887,8.161248005436597,14.709226056310149,1056.32,103.77826546409008
Marco Belinelli,SG,6153846,35.68655292362635,18.40674835008096,17.27980457354539,14.024189219109301,2.0034556027299004,22.789307481052617,24.792763083782514,16.52850872252168,4.382559130971657,1.0017278013649502,9.015550212284552,800.56,106.12398271896572
Marcus Morris,PF,5375000,40.37043723896149,15.634174633656176,24.73626260530532,15.634174633656176,8.138337480533352,40.90585417847027,49.04419165900362,11.672089281291255,4.604585679775449,2.677084697543866,9.851671686961426,936.12,115.65501505796851
Marcus Smart,SG,11160716,34.733897817703465,18.311594665400154,16.42230315230331,15.114332104774729,8.283816634347689,25.723430601395453,34.007247235743144,46.65096736185277,20.78220664406525,4.069243258977812,17.87560431622396,689.76,106.12286355209432
Mario Hezonja,SF,6500000,33.34679202099553,7.33280243393619,26.013989587059342,15.189376470296395,4.888534955957461,36.83860270382229,41.72713765977975,15.363967004437733,9.951660446056259,1.396724273130703,15.363967004437733,574.16,91.13291784342066
Markieff Morris,PF,9173294,39.51756941495028,13.17252313831676,26.34504627663352,13.753663865007207,11.816528109372388,39.51756941495028,51.33409752432267,15.303372469515061,6.973688720285344,4.261698662396599,10.460533080428016,517.48,111.74296323376689
Marvin Bagley,PF,7314960,47.12454149773166,3.971169227336938,43.153372270394726,23.959387671599526,21.444313827619467,40.90304304157046,62.34735686918993,8.207083069829672,4.368286150070632,7.809966147095978,12.972486142633997,757.28,122.51053273433581
Marvin Williams,PF,14087500,41.71478390792385,21.23661726221578,20.478166645708075,10.011548137901725,11.528449370917139,50.20943081281017,61.737880183727306,13.955491343741798,10.769998754409432,9.253097521394018,7.129435795172441,660.84,124.30978206886502
Mason Plumlee,C,12917808,53.586142339914154,0.409054521678734,53.17708781823542,22.702525953169737,33.746998038495555,73.42528664133276,107.17228467982831,49.700124383966184,13.498799215398222,15.544071823791892,25.770434865760244,490.12,139.71767208024562
Mikal Bridges,SF,3557400,38.57212691914221,16.7358401921898,21.836286726952405,15.141950650076485,8.92578143583456,33.152902475956935,42.078683911791494,27.574289078560337,20.561175093261753,6.056780260030594,11.1572267947932,628.92,113.11925276938553
Mike Conley,PG,30521115,35.37203417046129,11.189112849839795,24.182921320621492,24.760423919322903,2.887512993507044,14.365377142697543,17.252890136204588,32.41233335211657,6.7856555347415535,1.5881321464288742,9.384417228897894,1388.64,100.10858536461957
Mike Scott,PF,4320500,38.668275582924345,23.246999011162853,15.421276571761496,5.0637027549067595,9.897237202772303,53.62921554060341,63.526452743375714,15.19110826472028,5.984375983071625,2.9921879915358125,10.127405509813519,435.52,118.59887852578098
Miles Bridges,SF,3206640,45.00562164994688,12.343313954626781,32.6623076953201,11.014033990282359,12.72310823015376,48.613667267453174,61.336775497606936,18.04022808753145,10.444342576991893,9.304959750410958,9.494856888174448,527.88,125.13639528977315
Monte Morris,PG,1349383,45.96104602800849,12.486526955586122,33.47451907242237,8.63430055439466,4.649238760058663,21.12082750998078,25.770066270039443,39.45211176392637,9.696983699550925,0.5313415725781329,6.9074404435157275,754.64,128.29410073018346
Montrezl Harrell,C,6000000,53.75640762855979,0.29536487707999887,53.461042751479795,26.189019101093233,18.115712460906597,34.557690618359864,52.673403079266464,15.949703362319939,6.990302090893306,10.83004549293329,12.99605459151995,1018.16,136.16261616473648
Myles Turner,C,3294994,43.91347229939178,8.782694459878355,35.13077783951342,17.10314184292101,11.671738690101499,49.69156075983807,61.36329944993957,13.28960345902646,6.933706152535544,22.996792072576223,11.556176920892574,867.44,119.01033422552574
Nemanja Bjelica,PF,6500000,48.2132907252671,17.4858061433187,30.7274845819484,11.883557573129215,21.220638523445025,54.155069511831705,75.37570803527673,24.95547090357135,9.167315842128252,9.506846058503372,13.920738871379937,590.48,138.40441043648372
Nicolas Batum,SF,24000000,39.18884661273164,17.968008723623992,21.22083788910765,11.927040273440065,10.997660511873306,49.41202398996598,60.40968450183929,38.25946685116488,10.997660511873306,6.660554957895101,18.122905350551786,647.16,116.96878421205818
Nikola Jokic,C,25467250,44.71759100492133,6.025259826961803,38.69233117795953,20.97951915652965,16.55131615117218,46.24205433463456,62.79337048580674,42.10422529684151,7.840097124239454,3.992642054010833,18.003185988994304,1380.88,120.79266591534247
Nikola Mirotic,PF,12500000,40.813279146121104,19.892186474580036,20.92109267154107,18.005858446818134,10.289061969610364,47.84413815868819,58.133200128298554,9.431640138809499,5.316015350965354,5.830468449445872,8.23124957568829,584.56,120.48677028365329
Nikola Vucevic,C,12750000,50.594920841898485,6.062729458943613,44.53219138295487,12.919387775606033,16.167278557182968,53.12105811645832,69.2883366736413,22.15783266542487,5.846203406838484,6.423606212452161,11.475880761571839,1388.88,134.1428215530361
Noah Vonleh,PF,1621415,42.90439277995254,9.534309506656118,33.370083273296416,23.006703374757155,23.421238570698726,86.01605315787586,109.43729172857458,26.73752013823129,9.534309506656118,10.570647496510045,18.239548621429098,483.64,119.37117573478716
Norman Powell,SG,9367200,40.13875499780078,14.142152019950535,25.996602977850248,12.894315077013722,3.3275651811648315,25.580657330204644,28.908222511369473,18.92552696787498,8.110940129089277,2.7036467096964256,13.518233548482128,482,113.81102988683237
OG Anunoby,SF,1952760,42.832845096932076,15.681970609259285,27.15087448767279,8.426133461691556,13.575437243836395,32.5342375326424,46.10967477647879,11.000785352763977,10.76672608993921,5.14930378214484,12.8732594553621,428.28,121.69508860541262
Otto Porter,SF,26011913,43.04927528394602,14.97366096832905,28.075614315616967,11.230245726246787,7.774785502786237,37.43415242082263,45.208937923608865,17.27730111730275,11.806155763490212,4.463302788636543,9.358538105205657,696.24,122.06221150791349
Pascal Siakam,PF,1544951,46.96001883043696,7.148056816193679,39.81196201424328,21.444170448581037,11.219734749468559,38.45473603648498,49.674470785953545,22.439469498937118,6.605166425090362,4.7050500562287505,13.934186704985146,1107.88,125.55283398966277
Patrick Beverley,PG,5027028,36.00518923576717,20.786501002092386,15.218688233674785,17.817000858936332,14.105125679991263,57.90525279154308,72.01037847153434,55.67812768417604,12.434781849465981,7.980531634731899,15.775469510516544,540.12,113.0528457442652
Patrick Mills,PG,11571429,36.366616200908936,20.50458147498057,15.862034725928364,11.348447608794277,3.095031166034803,20.37562184306245,23.470653009097255,31.595109819938614,6.319021963987723,1.289596319181168,11.993245768384861,777.32,110.69196391222181
Paul George,SF,30560700,36.314680808255545,14.998425454046139,21.31625535420941,23.268105242064728,5.393269426968645,26.86361819337716,32.25688762034581,16.33390169310504,8.731960024615903,1.7463920049231805,10.529716500272118,1951.6,104.93296297289507
Paul Millsap,PF,29230769,45.04607311124562,8.113888945503868,36.932184165741745,25.32092929545173,21.40387945969124,49.242912220989,70.64679168068024,19.72514381579389,11.61125487029002,7.554310397538085,13.289990514187371,716.56,121.9633828488986
PJ Tucker,PF,7959537,42.2647069498457,29.809889925978126,12.454817023867573,8.37127045866509,24.705456719475023,73.09548351712445,97.80094023659947,19.60102351297192,26.95140733033639,7.962915802144843,12.863171680387822,490.96,134.39131039307713
Quinn Cook,PG,1544951,42.74214493112715,16.971145781476956,25.77099914965019,4.190406365796779,4.6094470023764575,28.28524296912826,32.89468997150472,24.30435692162132,4.190406365796779,0.6285609548695169,10.476015914491947,478.44,123.21561110354502
Rajon Rondo,PG,9000000,32.43566986438382,9.452680931906142,22.982988932477678,4.26297375360473,6.301787287937428,38.73745715232125,45.03924444025868,68.02223337273635,10.564761041542159,1.2974267945753528,23.539028987295687,540.84,94.6435532877546
Reggie Bullock,SG,2500000,36.416830909304096,21.998738671742885,14.418092237561215,10.850729209711018,3.270082775529348,22.444659050224157,25.714741825753507,19.17457627469481,5.945605046416996,1.7836815139250988,9.661608200427619,674.4,111.2468612135414
Reggie Jackson,PG,17043478,35.25738481578386,13.911077002146012,21.346307813637846,16.309538554240152,3.59769232814121,13.671230846936599,17.26892317507781,27.502359130679473,4.39717951217259,0.719538465628242,11.832410323664424,1253.84,101.80371362034883
Ricky Rubio,PG,14800000,30.2579051071954,8.1029644185370735,22.154940688658325,20.000988121705433,3.3847826052116887,21.539525669528928,24.924308274740618,42.66877465963826,9.33379445679587,1.0256916985489966,18.462450573881938,977.32,85.68732827674201
Robert Covington,SF,10464092,37.21889891680342,20.27952825595058,16.939370660852838,16.223622604760465,6.680315190195485,39.36614308508054,46.046458275276024,10.974803526749726,17.65511871694521,11.21338621211385,11.21338621211385,420.16,111.68359108608983
Robin Lopez,C,14357750,55.90299737508719,1.2872400711368759,54.61575730395031,16.366338047311707,25.74480142273752,26.848150055140557,52.592951477878074,16.366338047311707,2.0228058260722337,14.343532221239474,17.653578118448586,545.12,142.38238117091504
Rodions Kurucs,SF,1690000,39.66671763572185,11.389453578573601,28.27726405714825,14.138632028574126,10.996713800002098,37.310278964292834,48.30699276429493,10.21123424285909,8.051165460715822,4.909247232143794,15.120481475002885,510.48,110.1287404981324
Rodney Hood,SG,3472887,38.05372740004737,10.946962676725956,27.10676472332142,17.853974841803048,3.2580246061684397,17.20236992056936,20.4603945267378,16.420444015088936,7.688938070557517,1.563851810960851,7.167654133570567,769.2,105.47708618383072
Rodney McGruder,SG,1544951,37.539622294760896,15.944248178957587,21.595374115803313,10.494948168427777,12.10955557895513,35.92501488423355,48.03457046318868,22.604503747382907,7.265733347373077,2.421911115791026,12.916859284218804,496.68,109.65889042536458
Rondae Hollis-Jefferson,SF,2470356,36.28570950647598,1.632856927791419,34.652852578684566,21.40856860882083,15.058569445187533,41.18428028985024,56.24284973503777,17.41714056310847,7.982856091424716,4.898570783374257,12.337141232201834,552.52,94.06452016208584
Royce O'Neale,SF,1378242,39.90327458352608,16.646764856931124,23.256509726594953,7.833771697379353,5.385718041948305,64.38381113783656,69.76952917978485,30.35586532734499,13.219489739327658,5.875328773034514,17.136375588017334,409.48,117.26941342264703
Rudy Gay,PF,10087200,43.741679982190654,8.608734890111991,35.132945092078664,13.96011063261404,7.32905808212237,47.34804189561595,54.677099977738315,21.172834459464625,6.2820497846763175,3.9553646792406445,13.262105100983337,861.6800000000001,118.84074381645905
Rudy Gobert,C,23491573,62.56309450269195,0,62.56309450269195,43.63644406490279,40.61343739775591,96.21047305876158,136.8239104565175,21.16104667002816,8.6747147839867,24.57835855462898,17.086559423004104,762.6800000000001,160.35644778405623
Russell Westbrook,PG,35665000,33.45962132943672,6.320150695560269,27.13947063387645,15.720710973830586,5.78904559509302,37.07113601261402,42.860181607707034,41.63863987663236,7.541692426634943,1.7526468315419235,17.260915765185608,1887.44,92.50214666924543
Ryan Arcidiacono,PG,1349383,37.57501303408522,16.275807784817662,21.29920524926756,17.88329497344163,5.425269261605887,38.5796925269752,44.004961788581085,54.05175671748088,13.060833407569728,0.8037435943119833,12.658961610413737,498.88,112.23864852950875
Serge Ibaka,C,21666667,50.95161040040533,5.380665753491081,45.57094464691425,14.824283198393793,17.130282807032827,48.86522980211287,65.9955126091457,10.871141012155448,3.184475650025333,11.310379032848598,12.518283589754759,912.88,133.5295461788871
Seth Curry,SG,2795000,40.721037459778486,21.705081287523438,19.01595617225505,8.4515360765578,5.186169865160468,17.863473979997167,23.049643845157636,12.6773041148367,6.914893153547291,2.3049643845157637,11.716902287955131,521.88,121.15260957286402
Shabazz Napier,PG,1942422,31.15767358743067,14.0117348677203,17.145938719710365,21.201967234050453,3.318568784460071,15.117924462540323,18.436493247000396,26.364185343210565,7.558962231270161,2.949838919520063,12.168085543020261,543.72,91.64112984635138
Shai Gilgeous-Alexander,PG,3375360,38.589782421724294,5.771492385653779,32.818290036070515,17.65397670905862,6.450491489848342,19.804140539008067,26.25463202885641,30.554959688755304,10.863985667112997,5.092493281459218,15.956478948572215,885.8,103.54731261411482
Shaquille Harrison,PG,1325531,36.37145803596123,4.7441032220818995,31.627354813879332,16.20901934211316,6.523141930362612,37.35981287389496,43.88295480425757,27.476264494557668,17.592716115220377,5.930129027602375,11.86025805520475,507.12,97.37423703183651
Shelvin Mack,PG,2512601,33.48551700234089,9.449900503728104,24.035616498612786,11.915091939483261,3.6977871536327367,17.66720528957863,21.364992443211367,37.59416939526616,9.655333123374367,0.8217304785850525,13.558552896653367,487.96,94.40792761089378
Spencer Dinwiddie,PG,1656092,33.034018040254395,11.191853106534275,21.842164933720117,25.90372452883336,2.3466788771765414,12.635963184796761,14.982642061973303,28.069889646227093,3.6102751956562176,1.5343669581538926,13.719045743493627,1110.64,93.91915861284909
Stanley Johnson,SF,3940401,33.27419847255801,12.064329270752028,21.209869201805983,9.72929779899357,6.615922503315628,35.60922994431647,42.2251524476321,17.123564126228683,11.675157358792283,2.7242033837181996,15.761462434369584,515.16,95.16297335506742
Stephen Curry,PG,37457154,39.27000488706066,21.996173623448534,17.273831263612127,16.341790008381256,2.7961237656926103,20.132091112986796,22.928214878679405,22.431126209222942,5.7165196987493365,1.5534020920514502,11.930128066955138,1613.28,118.50778676833416
Steven Adams,C,24157304,70.75311883067155,0,70.75311883067155,21.47599864714771,57.5144895276353,54.278380142448654,111.79286967008396,18.239889261961068,17.210218093947134,11.179286967008395,19.857943954554386,681.48,179.86596147833586
Taj Gibson,PF,14000000,59.07157077054263,2.1374581528814764,56.93411261766115,26.038126589647078,33.422072935964906,55.57391197491839,88.9959849108833,16.322407712913094,10.298662009338024,7.578260723852508,14.184949560031617,515.88,151.92612927424497
Taurean Prince,SF,2526840,36.32391027279089,17.052828105165187,19.2710821676257,13.170883495859291,3.0500993358832043,24.539435565969416,27.58953490185262,16.35962371064628,7.3479665819004465,2.6341766991718583,13.864087890378201,723.04,106.60432519784413
Terrance Ferguson,SG,2118840,39.67340557136585,22.731789138188,16.94161643317785,7.934681114273169,7.076877750567962,23.160690820040603,30.237568570608563,15.440460546693735,8.578033637052075,3.43121345482083,10.079189523536188,467.44,119.81790980122487
Terrence Ross,SG,10500000,38.242072272612056,18.86029473444731,19.381777538164748,10.95113887806618,2.3466726167284673,21.989191556751933,24.335864173480402,11.733363083642336,6.257793644609246,2.520500217967613,7.822242055761557,1153.36,112.50525730401556
Terry Rozier,PG,3050389,34.81218499879982,16.056783003322398,18.755401995477424,9.84995932136584,4.3177903874480394,37.10601114213159,41.42380152957963,31.169049359390538,9.175304573327084,2.833549941762776,9.175304573327084,742.92,103.43202594981528
Thaddeus Young,PF,13764045,53.41304447869572,6.1491315314074075,47.26391294728831,10.489694965342048,23.149671647651417,39.90906935089906,63.058740998550476,24.59652612562963,14.830258399276689,4.340563433934641,14.830258399276689,831.4,141.24446974908693
Thomas Bryant,C,1378242,60.82127009605812,6.495475447151838,54.32579464890629,21.061087055916566,22.242082591762355,67.11991295390233,89.36199554566468,18.108598216302095,4.920814732690786,13.187783483611309,11.809955358457888,509.28,160.16542025507837
Tim Hardaway,SG,17325000,32.95129245660152,13.687459943511403,19.263832513090122,19.601794487003982,2.7881862847893597,15.96870326742997,18.756889552219327,13.433988463076005,4.562486647837134,0.6759239478277236,8.871501815238872,1186.44,94.88116042465907
TJ McConnell,PG,1600520,44.25912787623409,2.816489955760351,41.442637920473736,5.834157765503584,5.632979911520702,29.371966681500805,35.00494659302151,51.903886327583614,15.893050464647695,3.4200235177089975,18.307184712442282,498.28,116.89881261817406
TJ Warren,SF,11750000,43.36422398847791,11.242576589605385,32.121647398872526,14.746756305846024,4.526232133477492,20.879070809267144,25.405302942744637,9.344479243308372,7.446381897011359,4.234217157124106,7.592389385188052,686.56,118.54522358230275
Tobias Harris,PF,14800000,41.6349977985309,10.630212203880228,31.004785594650667,18.125874655334236,4.701824628639332,39.250014291250075,43.95183891988941,15.604606376208798,3.4752616820377673,2.521268279125439,10.289500274268683,1471.08,114.65503203322477
Tomas Satoransky,PG,3129187,40.35467665762182,10.049413642364968,30.305263015256855,20.56989354921579,12.875811229280114,30.933351367904667,43.80916259718478,62.65181317661909,12.875811229280114,2.041287146105384,18.842650579434313,638.4,114.42422565001773
Tony Parker,PG,5000000,36.9049673855638,2.2524158498231426,34.652551535740656,15.766910948761998,2.4256786075018457,11.955130279830525,14.380808887332371,35.865390839491575,3.6385179112527686,1.2128393037509229,12.994706825902746,578.56,96.41622591108437
Trae Young,PG,5363280,31.28568213984403,9.296316978696513,21.98936516114752,20.439978998031435,3.8138736322857487,14.123250794558164,17.937124426843912,38.91342940441553,4.290607836321468,0.8938766325669724,18.354266855375165,1682.16,88.81389338329815
Trevor Ariza,SF,15000000,34.104116041336816,16.82005723127156,17.284058810065257,15.080051310795191,5.800019734921228,37.23612669819428,43.03614643311551,29.23209946400299,10.556035917556635,2.4360082886669154,12.296041838033002,864.16,102.22661338489317
Trey Burke,PG,1795015,37.93913120708732,9.002505710156314,28.93662549693101,16.55818014546608,4.501252855078157,11.413891168233897,15.915144023312056,25.560685855622392,5.305048007770685,1.1253132137695392,7.877192496386775,623.56,104.07472597447244
Trey Lyles,PF,3364249,36.40144643199819,8.968472309332887,27.4329741226653,14.24404425599929,7.7375055217773925,35.522184440887116,43.25968996266451,15.299158645332572,5.275571946666404,4.04460515911091,11.957963079110515,570.04,100.17062886292354
Tyler Johnson,PG,19245370,34.811018971517974,14.43774980385538,20.373269167662592,15.239847015180679,5.454261037012032,22.298302474843307,27.752563511855342,26.629627415999924,8.662649882313229,4.331324941156614,12.352297054409602,624.88,101.35196185088593
Tyreke Evans,SG,12400000,31.59483146704166,9.46615573137046,22.128675735671205,14.137765053345491,4.056923884873054,20.653430686626457,24.71035457149951,20.407556511785664,7.130351070382943,2.21286757356712,14.506576315606678,815.4,88.5433838283442
Tyus Jones,PG,2444052,37.06318790526671,8.013662249787398,29.049525655479314,11.619810262191725,4.6078557936277535,22.237912743160027,26.84576853678778,65.51168889201197,16.22766605581948,1.0017077812234247,9.416053143500191,500.36,104.26209442555277
Victor Oladipo,SG,21000000,35.10418875107596,10.43257015092217,24.671618600153785,14.521009804661942,2.960594232018454,25.51750266644477,28.478096898463225,26.222406055020596,8.45884066290987,1.5507874548668092,11.560415572643487,711.04,98.62583389577526
Vince Carter,PF,2393887,38.22194500853581,23.98622059209135,14.23572441644446,9.165466405108077,6.045307628901072,31.78661753260886,37.831925161509936,16.96586334562559,8.580436634569264,5.265267934849321,9.360476328621015,514.04,117.59426423529534
Wayne Ellington,SG,8653076,36.55599690660508,27.416997679953813,9.13899922665127,7.748281953030425,2.781434547241691,18.47667234953409,21.258106896775782,14.304520528671555,10.728390396503666,1.1920433773892962,7.9469558492619745,504.56,115.77960539455015
Wayne Selden,SG,1544951,34.745010632007755,9.749875432451157,24.9951351995566,11.87712098134959,6.559007109103505,25.349676124373005,31.908683233476513,19.32248040249411,5.849925259470694,2.304516011306637,14.004366530248024,565.48,96.72687316040945
Wesley Matthews,SF-SG,19360228,33.748153057779184,18.14416831063397,15.603984747145214,15.966868113357894,3.87075590626858,16.692634845783253,20.56339075205183,19.3537795313429,6.531900591828229,2.0563390752051833,11.007462108451275,828.72,101.17641605407854
Will Barton,SG,11830358,35.286050499047214,12.77927234289818,22.506778156149032,10.8719182618686,6.103533059294652,31.852813153193967,37.95634621248862,23.65119060476678,3.433237345853242,4.196178978265074,12.397801526692263,525.56,101.15078329090156
Willie Cauley-Stein,C,4696874,54.64707743996415,0.13263853747564114,54.51443890248851,18.56939524658976,24.007575283091047,65.92135312539365,89.9289284084847,25.73187627027438,12.73329959766155,6.764565411257698,11.141637147953857,755.76,139.9142466549542
Yogi Ferrell,PG,3000000,37.54691506471884,13.25185237578312,24.29506268893572,14.7242804175368,3.1902607571329735,23.55884866805888,26.749109425191854,33.62044028670903,8.83456825052208,0.9816186945024533,9.816186945024533,408.48,107.62389542117171
Zach Collins,C,3628920,44.74284031884,9.469384194463494,35.273456124376516,22.25305285698921,25.804071929913018,50.89794004524128,76.70201197515429,16.8081569451727,5.918365121539684,15.624483920864764,18.228564574342226,423.44,122.31622677951717
Zach LaVine,SG,19500000,36.01948310086304,8.15535466434635,27.864128436516694,21.20392212730051,2.7184515547821166,17.26216737286644,19.980618927648557,19.233044750083476,4.077677332173175,1.7669935106083758,14.611677106953877,1475,98.21199891539234
